{"cameraMode":{"drawMode":0,"name":"Shaded","section":"Shading Mode"},"sceneLighting":false,"audioPlay":false,"sceneViewState":{"showFog":true,"showMaterialUpdate":true,"showSkybox":false,"showFlares":true,"showImageEffects":true,"showParticleSystems":true},"in2DMode":false,"pivot":{"x":0.0063811540603637699,"y":1.2999999523162842,"z":-0.2610478103160858},"rotation":{"x":-0.11359038949012757,"y":-0.7114357352256775,"z":0.11823513358831406,"w":-0.6833745241165161},"size":1.703378677368164,"orthographic":false}