{"cameraMode":{"drawMode":0,"name":"Shaded","section":"Shading Mode"},"sceneLighting":true,"audioPlay":false,"sceneViewState":{"showFog":true,"showMaterialUpdate":true,"showSkybox":true,"showFlares":true,"showImageEffects":true,"showParticleSystems":true},"in2DMode":false,"pivot":{"x":-2.0697267055511476,"y":1.2416410446166993,"z":5.605889320373535},"rotation":{"x":-0.016241656616330148,"y":0.17784158885478974,"z":0.002907925983890891,"w":0.983961284160614},"size":0.12029391527175904,"orthographic":false}