{"cameraMode":{"drawMode":0,"name":"Shaded","section":"Shading Mode"},"sceneLighting":true,"audioPlay":false,"sceneViewState":{"showFog":true,"showMaterialUpdate":false,"showSkybox":true,"showFlares":true,"showImageEffects":true,"showParticleSystems":true},"in2DMode":false,"pivot":{"x":0.8980000019073486,"y":0.0,"z":-0.26899999380111697},"rotation":{"x":0.1444467455148697,"y":-0.6886146068572998,"z":0.14289602637290955,"w":0.6960821747779846},"size":3.766914129257202,"orthographic":false}